gate,item_id,question,expected,returned,cited_span,class,component,suspected_cause,invalid_spans
copy,copy_020,What is the fourth item on the list?,chisel,wrench,"wrench, chisel, file.",wrong_value_valid_span,extraction,,
extraction,extraction_002,What is total equity?,"9,560.00","9,560.00 (total assets = 15,800.00, total liabilities = 6,240.00)","Total assets: 15,800.00 | Total liabilities: 6,240.00",wrong_value_valid_span,calculation,,
extraction,extraction_003,What is the gross margin?,38.33%,"38.33% (revenue = 12,000.00, cost of sales = 7,400.00)","Revenue: 12,000.00 | Cost of sales: 7,400.00",wrong_value_valid_span,calculation,,
extraction,extraction_021,What is basic EPS?,1.42,Insufficient information: the requested value is not present in the context provided.,,abstained,calculation,cannot compute: 'net income' is not available in the context (model reported the value is not present),
extraction,extraction_022,What is diluted EPS?,1.37,Insufficient information: the requested value is not present in the context provided.,,abstained,calculation,cannot compute: 'net income' is not available in the context (model reported the value is not present),
extraction,extraction_023,What is gross profit?,"4,600.00","4,600.00 (revenue = 12,000.00, cost of sales = 7,400.00)","Revenue: 12,000.00 | Cost of sales: 7,400.00",wrong_value_valid_span,calculation,,
extraction,extraction_025,What figure is given for basic earnings per share?,"5,214.32",Insufficient information: the requested value is not present in the context provided.,,abstained,calculation,cannot compute: 'net income' is not available in the context (model reported the value is not present),
extraction,extraction_043,State cash used in financing.,"1,638.24",Insufficient information: the requested value is not present in the context provided.,,abstained,extraction,value does not appear within its own source span,
extraction,extraction_045,What figure is given for cash used in financing?,"1,665.45",Insufficient information: the requested value is not present in the context provided.,,abstained,extraction,value does not appear within its own source span,
extraction,extraction_064,State diluted earnings per share.,"2,169.07",Insufficient information: the requested value is not present in the context provided.,,abstained,calculation,cannot compute: 'net income' is not available in the context (model reported the value is not present),
wording,wording_021,What does the statement put against goodwill?,"12,400.00","3,150.00","Other intangibles: 3,150.00",wrong_value_valid_span,extraction,,
wording,wording_025,"Looking at the extract, what value sits against diluted earnings per share?","9,892.75",Insufficient information: the requested value is not present in the context provided.,,abstained,calculation,cannot compute: 'net income' is not available in the context (model reported the value is not present),
wording,wording_026,"Reading the statement, how much is shown as diluted earnings per share?",90.54,Insufficient information: the requested value is not present in the context provided.,,abstained,calculation,cannot compute: 'net income' is not available in the context (model reported the value is not present),
wording,wording_042,"From the numbers supplied, what is recorded for basic earnings per share?","4,399.38",Insufficient information: the requested value is not present in the context provided.,,abstained,calculation,cannot compute: 'net income' is not available in the context (model reported the value is not present),
wording,wording_044,"Looking at the extract, what value sits against deferred tax asset?","2,086.33",Insufficient information: the requested value is not present in the context provided.,,abstained,extraction,source span does not appear in the context,
wording,wording_049,"Looking at the extract, what value sits against diluted earnings per share?",144.83,Insufficient information: the requested value is not present in the context provided.,,abstained,calculation,cannot compute: 'net income' is not available in the context (model reported the value is not present),
wording,wording_051,"Looking at the extract, what value sits against cash generated from operations?","2,302.24","2,509.05","Other revenue: 2,509.05",wrong_value_valid_span,extraction,,
wording,wording_055,"Looking at the extract, what value sits against diluted earnings per share?","1,948.64",Insufficient information: the requested value is not present in the context provided.,,abstained,calculation,cannot compute: 'net income' is not available in the context (model reported the value is not present),
wording,wording_057,"Looking at the extract, what value sits against basic earnings per share?","1,469.65",Insufficient information: the requested value is not present in the context provided.,,abstained,calculation,cannot compute: 'net income' is not available in the context (model reported the value is not present),
wording,wording_066,"Looking at the extract, what value sits against basic earnings per share?","7,687.78",Insufficient information: the requested value is not present in the context provided.,,abstained,calculation,cannot compute: 'net income' is not available in the context (model reported the value is not present),
wording,wording_069,"Reading the statement, how much is shown as diluted earnings per share?","7,671.44",Insufficient information: the requested value is not present in the context provided.,,abstained,calculation,cannot compute: 'net income' is not available in the context (model reported the value is not present),
abstention,abstention_023,What is the inventory turnover?,,550.00,Inventory: 550.00,wrong_value_valid_span,extraction,,
abstention(control),abstention_043,What is the quick ratio?,False,Insufficient information: the requested value is not present in the context provided.,,abstained,calculation,cannot compute: 'inventory' is not available in the context (model reported the value is not present),
abstention(control),abstention_048,What is the quick ratio?,False,Insufficient information: the requested value is not present in the context provided.,,abstained,calculation,cannot compute: 'inventory' is not available in the context (model reported the value is not present),
